{
  "COF_1_mono_PVB": {
    "6": [
      [0.01542210825, 2],
      [0.2402248868, 30]
    ],
    "8": [
      [0.03735534303, 2],
      [0.5946035575, 30]
    ],
    "10": [
      [0.07071067812, 2],
      [1.047294123, 30]
    ],
    "12": [
      [0.1542210825, 2],
      [2.426831107, 30]
    ],
    "16": [
      [0.316227766, 2],
      [5, 30]
    ],
    "19": [
      [0.5946035575, 2],
      [8.848650861, 30]
    ],
    "22": [
      [0.738413073, 2],
      [12.69346569, 30]
    ]
  }
}
