{
  "COF_1_laminated_PVB": {
    "6": [
      [0.0625, 16.6],
      [0.125, 32.2]
    ],
    "8": [
      [0.0625, 6],
      [0.125, 12.1]
    ],
    "10": [
      [0.0625, 3.4],
      [0.125, 6.8]
    ],
    "12": [
      [0.2401, 2.78],
      [0.4802, 5.56]
    ],
    "16": [
      [0.1857142857, 2],
      [2.833333333, 30]
    ],
    "19": [
      [0.5, 3],
      [5, 30]
    ],
    "20": [
      [0.2401, 2.619],
      [1, 10.77]
    ]
  }
}
