{
  "COF_2_laminated": {
    "6": [
      [0.1625, 2],
      [1.588235294, 30]
    ],
    "8": [
      [0.1625, 2],
      [2.545454545, 30]
    ],
    "10": [
      [0.3090909091, 2],
      [7.941176471, 30]
    ],
    "12": [
      [0.6764705882, 2],
      [18.23529412, 30]
    ],
    "16": [
      [1.352941176, 2],
      [41.81818182, 30]
    ],
    "19": [
      [2.409090909, 2],
      [61.76470588, 30]
    ]
  }
}
