{
  "COF_1_laminated": {
    "6": [
      [0.007857142857, 2],
      [0.1285714286, 30]
    ],
    "8": [
      [0.215, 2],
      [0.3333333333, 30]
    ],
    "10": [
      [0.04166666667, 2],
      [0.5714285714, 30]
    ],
    "12": [
      [0.08571428571, 2],
      [1.357142857, 30]
    ],
    "16": [
      [0.1857142857, 2],
      [2.833333333, 30]
    ],
    "19": [
      [0.3333333333, 2],
      [5, 30]
    ]
  }
}
