{
  "COF_2_laminated_PVB": {
    "6": [
      [0.6561, 17.3],
      [1.3122, 34.6]
    ],
    "8": [
      [0.6561, 3.6],
      [1.3122, 7.2]
    ],
    "10": [
      [0.6561, 6.3],
      [1.3122, 12.7]
    ],
    "12": [
      [2.0736, 11.4],
      [4.1472, 22.9]
    ],
    "16": [
      [2.0736, 2.4],
      [4.1472, 4.7]
    ],
    "19": [
      [8, 2],
      [20, 5]
    ],
    "20": [
      [4.28415, 1.896],
      [12.52815, 4.556]
    ]
  }
}
