{
  "COF_1_laminated": {
    "6": [
      [0.0625, 16.6],
      [0.125, 32.2]
    ],
    "8": [
      [0.0625, 6],
      [0.125, 12.1]
    ],
    "10": [
      [0.0625, 3.4],
      [0.125, 6.8]
    ],
    "12": [
      [0.1296, 1.5],
      [0.2592, 3]
    ],
    "16": [
      [0.1857142857, 2],
      [2.833333333, 30]
    ],
    "19": [
      [0.5, 3],
      [5, 30]
    ]
  }
}
