{
  "COF_1_laminated_SGP": {
    "6": [
      [0.12005, 6.446],
      [0.2401, 13.883]
    ],
    "8": [
      [0.12005, 3.756],
      [0.2401, 7.331]
    ],
    "10": [
      [0.2401, 4.629],
      [0.300125, 5.761]
    ],
    "12": [
      [0.2401, 2.793],
      [0.300125, 3.537]
    ],
    "16": [
      [1, 5.115],
      [2, 10.399]
    ],
    "19": [
      [1, 4.041],
      [2, 8.346]
    ],
    "20": [
      [2.8561, 8.64],
      [4.28415, 12.606]
    ]
  }
}
